<?xml version="1.0" encoding="UTF-8"?>
<java version="1.8.0_341" class="java.beans.XMLDecoder">
 <object class="OrderManager">
  <void property="orderPriority">
   <object class="java.util.ArrayList">
    <void method="add">
     <object class="OrderSummary">
      <void property="_curTime">
       <object class="java.sql.Timestamp">
        <long>1683648327205</long>
       </object>
      </void>
      <void property="_maxProdTime">
       <long>86400</long>
      </void>
      <void property="_orderID">
       <object class="IdOrder">
        <void property="_idNumber">
         <int>1</int>
        </void>
       </object>
      </void>
     </object>
    </void>
   </object>
  </void>
 </object>
</java>
